-0.000000000000000000e+00,-2.253165458287946857e-02,-3.619564163077780561e-02,-6.312897862098751367e-02,-5.446366082001419945e-02,-7.381382084327849091e-02,-1.024512432642574328e-01,-1.273195660730062906e-01,-1.748111178540191768e-01,-2.202798500647981661e-01,-1.686265002035509664e-01,-8.172020090901056799e-02,-7.944285108601308043e-02,-9.944974139682463687e-02,-9.741944964733526002e-02,-4.345124529839709121e-02,-2.607541864813310295e-01,-2.741753416823572986e-01,-2.673725560175845284e-01,-2.801072049648554718e-01,-2.348845543407324099e-01,-2.412990149754260238e-01,-2.449218860454480395e-01,-2.405650314612926000e-01,-6.892133703838256020e-02,-6.062341040172740392e-02,-8.798402779582766009e-02,-7.201645054634270293e-02,-8.619303647404522040e-02,-8.482471554259435331e-02,-1.095666153644033192e-01,-1.386282981599016029e-01,-1.458768324678947625e-01,-2.694686591780328863e-02,-3.856710689463028335e-02,-9.023085807878543363e-02,-8.036487263948645376e-02,-9.647504483351508620e-02,-1.101462271294114531e-01,-1.989336483517212262e-01,-1.031664765248493099e-01,-9.049106190105044023e-02,-9.096119341752859078e-02,-2.651057146064319525e-01,-2.735593677878368490e-01,-3.039805490153142387e-01,-2.622147290795361907e-01,-6.953691984712430385e-02,-9.712932273086002932e-02,-7.700980077011432279e-02,-5.559138310973128771e-02,-8.458818908737975040e-02,-2.559648338573281556e-01,-7.038238664508737752e-02
-4.506330916575893714e-02,-3.619564163077780561e-02,-8.864322783255371152e-02,-1.070132905100636550e-01,-1.189678621991454438e-01,-1.919841679341508234e-01,-2.461421753470146023e-01,-3.194210082455762878e-01,-4.117616417381920746e-01,-4.062106899896497092e-01,-3.985209035274834277e-01,-2.603323030252543413e-01,-1.891799300377225435e-01,-2.062893732138659231e-01,-2.028154019585095280e-01,-3.081466424445054031e-01,-5.346404300245048979e-01,-5.425616977219428483e-01,-5.486495727626905516e-01,-5.483654894108389577e-01,-5.148176776804935795e-01,-4.858821805174299291e-01,-4.867706036129335612e-01,-4.869650942388393799e-01,-3.153211104711530210e-01,-1.582111588277847480e-01,-1.716939956617355434e-01,-1.751427997462386144e-01,-1.823276140379532229e-01,-2.011082158820431121e-01,-2.523043544702330832e-01,-2.801565976843234385e-01,-2.851471735091478665e-01,-1.781934531989795012e-01,-1.165446670568679732e-01,-1.810187162570064956e-01,-1.867087052342851217e-01,-2.183587580036996934e-01,-3.227731262722930428e-01,-3.242424194985548680e-01,-3.082042187850543291e-01,-1.992277442797491527e-01,-3.705376443754330174e-01,-5.389382069354515803e-01,-5.776358864950016381e-01,-5.779917783371888440e-01,-5.668001827505120271e-01,-3.180396887125319649e-01,-1.624077578087964047e-01,-1.633701133018217178e-01,-1.358849434259442324e-01,-3.431967163649738417e-01,-3.416601471330714124e-01,-3.409005295592064666e-01
-7.239128326155561122e-02,-1.141574770441199094e-01,-1.070132905100636550e-01,-1.564372380853911726e-01,-2.264107928449268226e-01,-3.442893962658723495e-01,-4.485857644835786751e-01,-5.659437263884441460e-01,-6.053022464524269175e-01,-6.525401884705660516e-01,-5.951191080662454613e-01,-4.949987458947928132e-01,-3.586074575995976677e-01,-3.152650396516014086e-01,-4.135609072539105369e-01,-5.784411873019792427e-01,-7.993214576938243443e-01,-8.187880510468013018e-01,-8.135277951382091643e-01,-8.250359168078693628e-01,-7.789383081973799694e-01,-7.522868180907026359e-01,-7.283181821548020407e-01,-7.239756387030420459e-01,-5.654411397754816049e-01,-3.908240969293259592e-01,-2.834128762674649749e-01,-2.777110481931683861e-01,-3.022971438931646437e-01,-3.473096512442872541e-01,-3.953667406823715424e-01,-4.197778518758404909e-01,-4.282286605119208778e-01,-3.107691500562885234e-01,-1.993006799809114160e-01,-2.936899933138829022e-01,-3.185441050366744076e-01,-4.420558018883405937e-01,-4.537493541959102261e-01,-5.454240319547499771e-01,-4.437221591700537537e-01,-4.754075043413755197e-01,-6.555251870336921138e-01,-8.408986308528489939e-01,-8.491704622557544324e-01,-8.807247162622350301e-01,-8.408187399301256804e-01,-6.189775745587714484e-01,-4.022583150455823486e-01,-2.235304660916875297e-01,-3.966166238623494156e-01,-4.369748390629840107e-01,-5.971271901848534958e-01,-4.352677215639738084e-01
-1.772864556651074230e-01,-1.595629202001131175e-01,-1.939066139716369153e-01,-2.264107928449268226e-01,-3.709336486040872849e-01,-5.672205830206962229e-01,-7.146976597404006704e-01,-7.828826461485559607e-01,-8.738248529000234299e-01,-8.709378486776249151e-01,-8.663396931585697347e-01,-7.049207186670257697e-01,-6.113270476342393955e-01,-5.196016580905744586e-01,-6.732563832358449130e-01,-8.605054846517091738e-01,-1.094431854320977671e+00,-1.102784971483841137e+00,-1.110802729860141058e+00,-1.109932297799344880e+00,-1.079237242168288535e+00,-1.037502818157764128e+00,-1.016231080760483740e+00,-9.875873222950841690e-01,-8.017258144612683379e-01,-6.504052779986013721e-01,-5.248604627268121936e-01,-4.250410840211089614e-01,-4.564617394973408127e-01,-5.001561756997046082e-01,-5.520760833921609656e-01,-5.860433176106933928e-01,-5.946832245843989284e-01,-4.806294205215310700e-01,-3.446618136961252521e-01,-4.323131907508511174e-01,-5.678414335342947261e-01,-5.993644051852309307e-01,-6.824604442897337364e-01,-7.011473242953466523e-01,-6.896135810460686244e-01,-7.848692807503125923e-01,-9.739949658790718612e-01,-1.134750196675306411e+00,-1.174799082020460572e+00,-1.172526882680193783e+00,-1.164589604550732016e+00,-9.122256704709986730e-01,-7.147893934990121600e-01,-4.868144121506000621e-01,-5.080452714860852481e-01,-7.146445967140078182e-01,-7.136327700684707009e-01,-7.079926827672839984e-01
-2.140265810201273100e-01,-2.390606553275038682e-01,-2.608374177557027940e-01,-3.975779009423022203e-01,-5.672205830206962229e-01,-8.204451690543519415e-01,-9.187921852626845798e-01,-1.038138675111059284e+00,-1.079377422072181680e+00,-1.129068904739182200e+00,-1.076191595830199299e+00,-9.723589225045319306e-01,-8.172167346886236583e-01,-7.795020396585955469e-01,-9.563412077776096698e-01,-1.153473368198246751e+00,-1.361166679700422488e+00,-1.382701407040702657e+00,-1.378313960827109774e+00,-1.390699904442561863e+00,-1.349231030707991108e+00,-1.321128287820251934e+00,-1.286156325627723529e+00,-1.260520827226616181e+00,-1.066774343274208725e+00,-8.846008840127965733e-01,-7.667085449609235548e-01,-6.320136280104210469e-01,-6.023871905155332440e-01,-6.521198199458069222e-01,-7.080704253995815378e-01,-7.474057632171462462e-01,-7.522141523222776183e-01,-6.421272354961787832e-01,-5.121508056634268558e-01,-6.771951009090972917e-01,-7.135517843985913489e-01,-8.173259288262437749e-01,-8.345239603284569929e-01,-9.242517398813868690e-01,-9.251284977442886248e-01,-1.096897514440120736e+00,-1.263834054777401184e+00,-1.443314167981486706e+00,-1.450947046314006617e+00,-1.480475559678972708e+00,-1.437515216258192341e+00,-1.237617929763330960e+00,-1.017251654833775332e+00,-7.903317686073095816e-01,-7.851948711515760460e-01,-8.260755299479748404e-01,-9.756240472104944494e-01,-8.162511862735778445e-01
-3.128744761707823452e-01,-3.503703424255961707e-01,-4.957251218611599675e-01,-6.858554015578137708e-01,-9.261926783683032127e-01,-9.187921852626845798e-01,-1.073918329602934429e+00,-1.141834487605172699e+00,-1.238017702980725332e+00,-1.245280248642303356e+00,-1.251066503801012919e+00,-1.131972794273502503e+00,-1.025431868342770114e+00,-1.057517982037686988e+00,-1.257261152615096300e+00,-1.432367025156006335e+00,-1.635918457392378844e+00,-1.638897002925478574e+00,-1.646223260035531322e+00,-1.648864105108923450e+00,-1.619408622136654374e+00,-1.587683218037059252e+00,-1.561011204158765375e+00,-1.518866358340740685e+00,-1.345408880076147451e+00,-1.128769157850935789e+00,-9.462577407277541486e-01,-8.117136329944864004e-01,-7.058735482669503680e-01,-7.705377686663004155e-01,-8.290882909652008692e-01,-8.995534883782756452e-01,-8.926094909697120938e-01,-8.286940400841631416e-01,-7.760694835691902549e-01,-8.011736190604462626e-01,-8.668054885945394306e-01,-8.884076970302909881e-01,-1.008750076195446210e+00,-1.063317916916883155e+00,-1.184387445427420138e+00,-1.341439043498474204e+00,-1.524863481996806991e+00,-1.709472118525571904e+00,-1.749171184502442911e+00,-1.747657979473592249e+00,-1.734123931721286205e+00,-1.568149643692883455e+00,-1.391070991544015811e+00,-1.126415152738512004e+00,-9.333993255822791157e-01,-1.053950266863832974e+00,-1.075684407247565755e+00,-1.011226369525932256e+00
-4.528215856898535896e-01,-6.145477311351682514e-01,-8.150201577958161581e-01,-1.074946611720259737e+00,-1.054701724376813088e+00,-1.109697984094809575e+00,-1.141834487605172699e+00,-1.274054075039886325e+00,-1.326804093152414765e+00,-1.392884579054257888e+00,-1.349525430167073825e+00,-1.317956345201048096e+00,-1.197605602615341880e+00,-1.373303596467835064e+00,-1.551273673306918566e+00,-1.734730031973089170e+00,-1.909659586827428424e+00,-1.922475471056130036e+00,-1.920073684205862108e+00,-1.933374007947103790e+00,-1.895885053439233747e+00,-1.876310137895745633e+00,-1.845622903315780494e+00,-1.812147268605649453e+00,-1.623029391196892046e+00,-1.428165564243696561e+00,-1.209012684798065562e+00,-1.011550645928087633e+00,-8.772659916598205543e-01,-9.034635665589693110e-01,-9.936080308439546593e-01,-1.057754654100492520e+00,-1.060466123677971773e+00,-1.000403816773320465e+00,-9.580977189092294566e-01,-9.652140233469244102e-01,-9.469774128814416603e-01,-1.063881445033445283e+00,-1.146049510676012240e+00,-1.295826388538370066e+00,-1.432558807166237846e+00,-1.612265885381706898e+00,-1.800469352143562185e+00,-2.023426623689211112e+00,-2.032565950224979545e+00,-2.059861752217639008e+00,-2.015010427215848665e+00,-1.894191890667524580e+00,-1.749268416252318437e+00,-1.528003486537636846e+00,-1.261969839665367799e+00,-1.167417817046454198e+00,-1.320358096759666644e+00,-1.125606951566970881e+00
-7.418672972081745698e-01,-9.596300481873732968e-01,-1.229128696370511697e+00,-1.232282124072942242e+00,-1.274011806305845429e+00,-1.204291553138163717e+00,-1.310090447099047317e+00,-1.326804093152414765e+00,-1.446851080868211348e+00,-1.469709978723665156e+00,-1.484478648992878069e+00,-1.442919862404948850e+00,-1.462781201368925199e+00,-1.696472656809127288e+00,-1.885333647362391840e+00,-2.035475528558442271e+00,-2.188142410575841357e+00,-2.188943410584413218e+00,-2.196752482610913049e+00,-2.199562086215660628e+00,-2.173782085363540340e+00,-2.147775954098748663e+00,-2.127182967086219456e+00,-2.089512129855002787e+00,-1.947045602701032330e+00,-1.734542563202875254e+00,-1.516407743315731027e+00,-1.285626989269248455e+00,-1.108693448456808062e+00,-1.098420886927620854e+00,-1.169765109655737989e+00,-1.235344025852124883e+00,-1.221931222537997019e+00,-1.192815812538713161e+00,-1.156374986636373947e+00,-1.082098504836795705e+00,-1.139972929573521476e+00,-1.211787138657547835e+00,-1.403867387698312763e+00,-1.515416723266578947e+00,-1.715635681330079931e+00,-1.902652059213528757e+00,-2.132009475114238217e+00,-2.299299068072213181e+00,-2.336472971147803168e+00,-2.335161307731075553e+00,-2.320237426671571512e+00,-2.196445777226867069e+00,-2.096040737256208875e+00,-1.905170006161709173e+00,-1.685519115771414889e+00,-1.431209207258000937e+00,-1.425740653613226661e+00,-1.398825307355090919e+00
-1.134441166041392446e+00,-1.420610488043905661e+00,-1.431373680535719561e+00,-1.495296470735302918e+00,-1.440721697467499007e+00,-1.419039245340590449e+00,-1.408327937662526175e+00,-1.500817582682164808e+00,-1.469709978723665156e+00,-1.576582293978685767e+00,-1.564534322417557632e+00,-1.617593439142953837e+00,-1.827739417797640709e+00,-2.072653503061250735e+00,-2.226785434906963790e+00,-2.355683721778206507e+00,-2.470438457237857932e+00,-2.476809024205969045e+00,-2.475348173753767700e+00,-2.488512067927528992e+00,-2.454596517084601803e+00,-2.443529101101880041e+00,-2.413444119089353634e+00,-2.385054775695237606e+00,-2.270013643984759799e+00,-2.104401766053485723e+00,-1.864220286417012762e+00,-1.640413965606250413e+00,-1.421818126724743836e+00,-1.310574948664852801e+00,-1.375319990434199724e+00,-1.421368108687087295e+00,-1.419814557985052961e+00,-1.398678925546572804e+00,-1.395569576376485044e+00,-1.323856775158496202e+00,-1.330060055330478885e+00,-1.506706129278904793e+00,-1.659396296799906967e+00,-1.758086941068578657e+00,-2.038819963986294059e+00,-2.270928419865894554e+00,-2.452902782056386677e+00,-2.617343919612475034e+00,-2.625574697537775393e+00,-2.651769842069999772e+00,-2.611180152258023579e+00,-2.547760891781901904e+00,-2.444079425195637700e+00,-2.292557906042437921e+00,-2.108763635311106555e+00,-1.836948289797474931e+00,-1.703480159312749764e+00,-1.548523670624632587e+00
-1.640890338108703883e+00,-1.662773252671350122e+00,-1.736075017467676895e+00,-1.706357299692697005e+00,-1.750540522574461688e+00,-1.606624524037620683e+00,-1.642635657935409776e+00,-1.589894527280256487e+00,-1.668685938964493465e+00,-1.564534322417557632e+00,-1.681160520590371465e+00,-1.998194123342311501e+00,-2.238502795732950634e+00,-2.468876777056320471e+00,-2.596924081015871799e+00,-2.679353695646132572e+00,-2.788688685624164165e+00,-2.785567456878507375e+00,-2.794168240895808175e+00,-2.797624783665249026e+00,-2.767512584818550447e+00,-2.754259746222896155e+00,-2.737045945863767038e+00,-2.702700808412807021e+00,-2.609745325472045074e+00,-2.471541564986372563e+00,-2.288562547514222167e+00,-2.043161415264564074e+00,-1.828475269497167321e+00,-1.601578720087434737e+00,-1.598602309439766778e+00,-1.633450746888384320e+00,-1.627973451362165758e+00,-1.642381425173446763e+00,-1.642777911085104403e+00,-1.609619029313498650e+00,-1.657647593484029791e+00,-1.796885310021038684e+00,-1.953763957151795294e+00,-2.100625566489308760e+00,-2.416648227817021599e+00,-2.609585699304606710e+00,-2.817061788259054289e+00,-2.932805771440369025e+00,-2.965636841090483866e+00,-2.967548347141797827e+00,-2.955154850102937658e+00,-2.870044546153442511e+00,-2.820221075834528968e+00,-2.665832896763300930e+00,-2.532378007878443693e+00,-2.278344578372573537e+00,-2.137542765360958441e+00,-1.874141733507489027e+00
-1.831399752874901088e+00,-1.914316070930362157e+00,-1.895265717769292646e+00,-1.964340027262465371e+00,-1.911611046845271389e+00,-1.872538121636292408e+00,-1.710869705562391152e+00,-1.760280008903113647e+00,-1.684718870974148963e+00,-1.744727602037789094e+00,-1.998194123342311501e+00,-2.357733496784814697e+00,-2.581143882152389768e+00,-2.790291554681876729e+00,-2.871733656613063790e+00,-2.947505522185987825e+00,-3.078311218819842043e+00,-3.090088022966689163e+00,-3.088019643024519034e+00,-3.101362550096532278e+00,-3.057493508381854852e+00,-3.046048324589359257e+00,-3.029042460753584187e+00,-3.007885657799428181e+00,-2.873962284222617569e+00,-2.758120312299901400e+00,-2.616621856108253485e+00,-2.424639500439717210e+00,-2.187311662736199480e+00,-1.962449574237068450e+00,-1.775279220801083691e+00,-1.806865715720444632e+00,-1.821390986265354783e+00,-1.814997071802539219e+00,-1.832598577965553144e+00,-1.822742343581764457e+00,-1.898260454077634218e+00,-2.047011045542267649e+00,-2.255848154968478791e+00,-2.501326392465261783e+00,-2.702046009621010381e+00,-2.920305354624938676e+00,-3.082794354276695348e+00,-3.256618054180386412e+00,-3.264940066065441293e+00,-3.293710241505575897e+00,-3.253674503873423163e+00,-3.158877679631957314e+00,-3.084532266301487802e+00,-2.990471649389976783e+00,-2.850396098329968098e+00,-2.645404400882370055e+00,-2.561829308216244439e+00,-2.259779229319660576e+00
-1.996036271839372711e+00,-1.986971520590995910e+00,-2.060817869629774979e+00,-2.021412657446051586e+00,-2.070359256608427678e+00,-1.967392245288574593e+00,-1.939427963036327585e+00,-1.804264137800266177e+00,-1.893394799053189415e+00,-2.168648828886982294e+00,-2.476964197836679205e+00,-2.581143882152389768e+00,-2.815333023129874768e+00,-2.957433833193280570e+00,-3.027751787588869981e+00,-3.136617305246130805e+00,-3.378319956453871953e+00,-3.382875453305481450e+00,-3.393493561424763438e+00,-3.394698718314566932e+00,-3.362850664102602138e+00,-3.331099949769017687e+00,-3.320710869079905869e+00,-3.297026375053405012e+00,-3.065006447055326877e+00,-2.918969366011407995e+00,-2.867401470252875839e+00,-2.704838539354448290e+00,-2.464270054790978826e+00,-2.223418708577538094e+00,-2.057551597497734086e+00,-1.980862486018673874e+00,-1.985439074878270205e+00,-1.912150360067910393e+00,-1.916863063026571723e+00,-1.966032994531473621e+00,-2.098921697888372684e+00,-2.323804563385850397e+00,-2.567830874176714406e+00,-2.857843093078099361e+00,-2.987482436897933802e+00,-3.141981950008888802e+00,-3.334518382326054908e+00,-3.560599837358662256e+00,-3.598240353931102753e+00,-3.600010421516090631e+00,-3.585191371289396578e+00,-3.376715124352606789e+00,-3.295561951345394203e+00,-3.188245096921376920e+00,-3.089741255253141361e+00,-2.901111434405074352e+00,-2.931753263512994145e+00,-2.593520399920979713e+00
-2.066414371677009143e+00,-2.150548058270672858e+00,-2.119687812020394801e+00,-2.186687558347874205e+00,-2.133708673467649586e+00,-2.123432202446665862e+00,-2.033025053630413748e+00,-2.028905567937417942e+00,-2.299915589875495936e+00,-2.642813490508379104e+00,-2.693410987248459065e+00,-2.840374491577872806e+00,-2.957433833193280570e+00,-3.119119477704574983e+00,-3.227183496183569922e+00,-3.441060520359017882e+00,-3.669557502957794259e+00,-3.687627797423919329e+00,-3.684693378996164004e+00,-3.698272051767445667e+00,-3.652218484045345992e+00,-3.634016764206407402e+00,-3.602409284554892732e+00,-3.585282928184926998e+00,-3.362955277541494592e+00,-3.119176286420865640e+00,-3.024184819378725742e+00,-2.952018813052818214e+00,-2.755159249004589306e+00,-2.513356709332047689e+00,-2.322813901364665146e+00,-2.213599535386550521e+00,-2.145659587990416117e+00,-2.066559378197922570e+00,-2.062987697728925873e+00,-2.168014106052449819e+00,-2.366956311020494308e+00,-2.620645509195226541e+00,-2.929028831430550373e+00,-3.139079105958497706e+00,-3.194083796226919070e+00,-3.380858026327424160e+00,-3.624945490858894281e+00,-3.890915522940068705e+00,-3.900904204744007675e+00,-3.931322540639869079e+00,-3.889495454041541844e+00,-3.703901111714066996e+00,-3.506233864061022221e+00,-3.399087029478997213e+00,-3.282406356840362083e+00,-3.131935081815779842e+00,-3.183990185882972668e+00,-2.960880837249108222e+00
-2.249997799667497578e+00,-2.228557735586925492e+00,-2.299137196040966113e+00,-2.239749424304313674e+00,-2.292933214770624950e+00,-2.234885447727726682e+00,-2.239474646299404625e+00,-2.445114573377704659e+00,-2.830133346207237999e+00,-2.935502329397815746e+00,-3.033741965243877736e+00,-3.043134009773497350e+00,-3.210487167820279986e+00,-3.227183496183569922e+00,-3.468184665758201835e+00,-3.764051453384161583e+00,-4.008500653320825613e+00,-4.014543256362790302e+00,-4.025871842207112472e+00,-4.026193514894014669e+00,-4.002574848429389931e+00,-3.960852666830665836e+00,-3.947409417078703520e+00,-3.907435115454860330e+00,-3.634974573889179439e+00,-3.441623428121312056e+00,-3.266457128627932249e+00,-3.153740801922225057e+00,-3.024392252578932183e+00,-2.851936822154937712e+00,-2.669686242665405995e+00,-2.543223377693089482e+00,-2.442468718772015546e+00,-2.249143923540890544e+00,-2.272379187553167590e+00,-2.417347022284464853e+00,-2.737247302710176022e+00,-3.058422080006939492e+00,-3.214596278006164543e+00,-3.409560504031762918e+00,-3.517297701872561966e+00,-3.747472331305915727e+00,-3.968191253291039722e+00,-4.235242380608260859e+00,-4.275980877449153894e+00,-4.270954816301462564e+00,-4.257996211603680692e+00,-4.023613964841975310e+00,-3.846389287331567708e+00,-3.648872233182886227e+00,-3.502631252311438015e+00,-3.398300714081604834e+00,-3.456771071885679891e+00,-3.264548890974787732e+00
-2.325977185234260780e+00,-2.402502856602651171e+00,-2.345163689113718863e+00,-2.393952391974831784e+00,-2.335585147430214281e+00,-2.396720999187474277e+00,-2.564021221528617112e+00,-2.980736961596540446e+00,-3.126812235746337265e+00,-3.274982324481543028e+00,-3.235513970740428569e+00,-3.290733433223162141e+00,-3.317749687121009039e+00,-3.495308811157385787e+00,-3.764051453384161583e+00,-4.094339603810800199e+00,-4.336458503879941695e+00,-4.356780636745043012e+00,-4.355618918407704321e+00,-4.369210607321841522e+00,-4.331185899042806930e+00,-4.312193762793251395e+00,-4.275779634740193735e+00,-4.254782332199849471e+00,-3.948690556968291521e+00,-3.709785324856092803e+00,-3.592369269977444102e+00,-3.399708433395394191e+00,-3.221622816070948137e+00,-3.110310042613084747e+00,-3.000762331192239785e+00,-2.882750269119637831e+00,-2.768616764369172145e+00,-2.541545458122702161e+00,-2.514316878361948504e+00,-2.791632477854161909e+00,-3.172671993336886764e+00,-3.345064601226719780e+00,-3.486752245016981888e+00,-3.735761215332179752e+00,-3.880525132391691834e+00,-4.087053276423093351e+00,-4.326671471328500829e+00,-4.611499049074582857e+00,-4.617144386080244800e+00,-4.647556009557669121e+00,-4.598820017922928827e+00,-4.387365200733815307e+00,-4.163244273221817338e+00,-3.980014043147951153e+00,-3.750940081993955122e+00,-3.612723651384171397e+00,-3.725231725901035240e+00,-3.537779906753924397e+00
-2.445954101901048450e+00,-2.392556145076893070e+00,-2.446303613880125294e+00,-2.406347716071603582e+00,-2.455762513064743136e+00,-2.635221566984200958e+00,-3.079548536177250995e+00,-3.252628177477351112e+00,-3.442523635683908179e+00,-3.444429209148703208e+00,-3.449550269784985801e+00,-3.376055773547297800e+00,-3.558049375062531716e+00,-3.858545403810528907e+00,-4.180178554300774785e+00,-4.336458503879941695e+00,-4.627666449026125228e+00,-4.636073761465251408e+00,-4.646016639880733656e+00,-4.644839792435239367e+00,-4.611168794420998474e+00,-4.584324528205809379e+00,-4.566905028175977321e+00,-4.524635331403594307e+00,-4.313124209053824210e+00,-4.000660608966801313e+00,-3.813312365353406008e+00,-3.677648446486263989e+00,-3.464081748659375126e+00,-3.276835390957720140e+00,-3.202578287917944078e+00,-3.134706363131201545e+00,-3.029859271387378428e+00,-2.798647775110179481e+00,-2.840179515468239657e+00,-3.256517036532097453e+00,-3.416506095275683830e+00,-3.575614830395346111e+00,-3.830602798769474404e+00,-4.071918724366196507e+00,-4.175732268530661706e+00,-4.403381118137595251e+00,-4.706875892989010879e+00,-4.894485561747112357e+00,-4.933296761363048510e+00,-4.935641238784016060e+00,-4.924610717584624098e+00,-4.679135982977643771e+00,-4.490526090509475488e+00,-4.234563457925444752e+00,-4.046956406036169795e+00,-3.819253806218704028e+00,-3.880132809711842601e+00,-3.784815625788909621e+00
-2.653310331558224267e+00,-2.706768702222273060e+00,-2.663107476043485189e+00,-2.731406316338919726e+00,-2.893603275200782310e+00,-3.332765586528926960e+00,-3.523390761379300962e+00,-3.708190575203619499e+00,-3.725924255802148366e+00,-3.761429931203180921e+00,-3.737172971090037876e+00,-3.846281308549714506e+00,-4.145227453462841716e+00,-4.501051410197681513e+00,-4.658373751397093088e+00,-4.898552261307207445e+00,-4.636073761465251408e+00,-4.680862968212437636e+00,-4.668494514899320436e+00,-4.680089700259347119e+00,-4.709053576585589873e+00,-4.643878779253089562e+00,-4.634401049282590002e+00,-4.622483184176076065e+00,-4.828533699767526777e+00,-4.594054243004589644e+00,-4.204818813108776254e+00,-4.039005207153635979e+00,-3.969411625292431189e+00,-3.754420469374150304e+00,-3.524544706889209955e+00,-3.435895920992200203e+00,-3.347926112183244651e+00,-3.284681379013551172e+00,-3.517554876519954909e+00,-3.729446139297903251e+00,-3.839145157379096229e+00,-4.100470576144672030e+00,-4.401981869813684334e+00,-4.469568468256695404e+00,-4.699667774625988059e+00,-4.986371641846647051e+00,-5.201970436651804697e+00,-4.978324616615727116e+00,-4.993658168359406346e+00,-5.001696971492742172e+00,-4.986209885923824636e+00,-5.191494497411511588e+00,-4.974802309489263941e+00,-4.721969670487379922e+00,-4.504988371069505781e+00,-4.326713132779846482e+00,-3.870487172950902721e+00,-4.160011009921826819e+00
-2.980944043904630192e+00,-2.938296617747843342e+00,-3.001544794623030477e+00,-3.182860451546414282e+00,-3.604664263709488559e+00,-3.783973803477669762e+00,-3.984442786224218214e+00,-3.994793982180699476e+00,-4.041486472798236917e+00,-4.047392254214777552e+00,-4.142201090620595494e+00,-4.440083263743804132e+00,-4.795185646196837403e+00,-4.988223628763719830e+00,-5.229461055845137984e+00,-4.938828594454640175e+00,-4.933398589638911425e+00,-4.668494514899320436e+00,-4.708636444693246048e+00,-4.742079389724715988e+00,-4.751964805381297730e+00,-4.765960953988650495e+00,-4.706000444215003853e+00,-4.889596749610372939e+00,-4.936492219467621290e+00,-5.119794476112723203e+00,-4.809432647574743314e+00,-4.440114806054452856e+00,-4.336435171543541855e+00,-4.266317488652017431e+00,-4.008242754882352266e+00,-3.769823242859993151e+00,-3.659980894423607189e+00,-3.784190139937980035e+00,-4.004550362923924745e+00,-4.159552479386909418e+00,-4.370729632256667330e+00,-4.677619761738418092e+00,-4.804553361926313215e+00,-4.990811290675068790e+00,-5.289676588966179871e+00,-5.488475801248489105e+00,-5.302338165472840537e+00,-5.264343146762088033e+00,-5.075182274615378297e+00,-5.076975914764707554e+00,-5.264376588489025899e+00,-5.267653923102267655e+00,-5.501874739957425042e+00,-5.217694661775902354e+00,-5.005598183055629313e+00,-4.792698210550184079e+00,-4.391680773853710917e+00,-4.157662448195831750e+00
-3.205669173765427704e+00,-3.270087162420865390e+00,-3.448022757273784489e+00,-3.890431076761760032e+00,-4.052355466505434656e+00,-4.239966141817188117e+00,-4.266003561277638134e+00,-4.304864947462045954e+00,-4.323178341752884180e+00,-4.447857263588874233e+00,-4.730478123103074140e+00,-5.087316657525068564e+00,-5.278218289445317346e+00,-5.557060846284804789e+00,-5.317649032277409482e+00,-5.506267088404030119e+00,-4.962483316918721243e+00,-4.961172066119719837e+00,-4.742079389724715988e+00,-4.773520583068784795e+00,-4.825630240113220282e+00,-4.790954425948099171e+00,-4.934278048126607530e+00,-4.984692739876432910e+00,-5.430803173912527981e+00,-5.223180281263887004e+00,-5.326198947401830530e+00,-5.037262824900464508e+00,-4.735709435623254748e+00,-4.630855930232406159e+00,-4.516119780852825727e+00,-4.243893910641447498e+00,-3.996474238725421735e+00,-4.265942234458806936e+00,-4.429803363881447353e+00,-4.689044937998322560e+00,-4.943701113319446172e+00,-5.074807922993955778e+00,-5.323509695218255011e+00,-5.576572313441885420e+00,-5.786618763205686911e+00,-5.584982541931458044e+00,-5.799193349699788058e+00,-5.341001013518161145e+00,-5.315153049558016818e+00,-5.329668286910565378e+00,-5.320961924402563881e+00,-5.778241118995069314e+00,-5.572758818629603539e+00,-5.742123219748298979e+00,-5.496501857292375171e+00,-5.289824210130282367e+00,-4.834716484293565486e+00,-4.674838613253775144e+00
-3.550194367385720806e+00,-3.729015690667039085e+00,-4.166817420806938621e+00,-4.348759969166570372e+00,-4.519863316399608699e+00,-4.536553705559452254e+00,-4.592015695373618200e+00,-4.602666743762682700e+00,-4.739616848905489732e+00,-5.052754733014555910e+00,-5.394510966725793111e+00,-5.584897364735365244e+00,-5.861839336627487462e+00,-5.659149168175260591e+00,-5.900399611399533839e+00,-5.606869906304944529e+00,-5.540340148782643581e+00,-5.039292901543156233e+00,-4.982727843807206902e+00,-4.825630240113220282e+00,-4.855982822351602834e+00,-4.980930511153955464e+00,-5.032243532098280347e+00,-5.482152513400444072e+00,-5.547765939684862424e+00,-5.731003488369559307e+00,-5.444385353204777012e+00,-5.568249567516315501e+00,-5.347124218986933464e+00,-5.044072397835323684e+00,-4.893247504323857910e+00,-4.760682439507156971e+00,-4.486982882710638165e+00,-4.702877815093639668e+00,-4.970994994446167325e+00,-5.276720566643552601e+00,-5.356467309150384715e+00,-5.609313940183821678e+00,-5.923518659297344335e+00,-6.089994936011460247e+00,-5.898010293692879102e+00,-6.097072141835610637e+00,-5.910400051503522434e+00,-5.840962116617252953e+00,-5.389051938863905100e+00,-5.383835286392127273e+00,-5.843942078605120827e+00,-5.860159615811576295e+00,-6.094108817858921334e+00,-5.825611997775300033e+00,-6.033531532622629534e+00,-5.795586234505400114e+00,-5.332377294218217934e+00,-5.132844401395178835e+00
-3.963900245007771606e+00,-4.401527893522576562e+00,-4.579332787953111605e+00,-4.774064641760028316e+00,-4.775852438468098704e+00,-4.820724413067710934e+00,-4.849687692092992997e+00,-4.980024926321926060e+00,-5.307789163883497530e+00,-5.673511483616814566e+00,-5.844766089451971069e+00,-6.123327450633556879e+00,-5.916668933906039207e+00,-6.204702408061478103e+00,-5.964141552324052853e+00,-6.142357798498690791e+00,-5.671083690455295034e+00,-5.612215253904594192e+00,-5.100009434907213368e+00,-5.047756240210710565e+00,-4.980930511153955464e+00,-5.076669296049148628e+00,-5.508165476024195151e+00,-5.578027531917739701e+00,-6.013734762400269496e+00,-5.805390956724002294e+00,-5.913058222985313250e+00,-5.645297663169946745e+00,-5.836620796255864718e+00,-5.610214276911965392e+00,-5.261678361180288199e+00,-5.082559507349299288e+00,-4.927412029416373684e+00,-5.198248851617792710e+00,-5.514601748263999070e+00,-5.648462333746219421e+00,-5.843522597557824660e+00,-6.160741222127184002e+00,-6.395360294042876426e+00,-6.188166427493333899e+00,-6.356954238019151937e+00,-6.157253791373435980e+00,-6.378974237371853206e+00,-5.966862929454260112e+00,-5.898455642967978640e+00,-5.949386747934672037e+00,-5.946735621599887445e+00,-6.333104679016926752e+00,-6.125931119364570243e+00,-6.297750746849513526e+00,-6.070488995326220660e+00,-6.282556890811241246e+00,-5.837933508872310107e+00,-5.586417978450028521e+00
-4.642826908498002503e+00,-4.820293082425093800e+00,-5.011533782170237039e+00,-5.034416948428482641e+00,-5.062615458719674777e+00,-5.088139879422061362e+00,-5.236926442081017541e+00,-5.559680064543012001e+00,-5.943258499355154711e+00,-6.144429318590265865e+00,-6.401863190404365689e+00,-6.190275375293201598e+00,-6.475868508165283366e+00,-6.272775735109372697e+00,-6.514321322425339567e+00,-6.217280181487055302e+00,-6.175067783330781879e+00,-5.727991067858355656e+00,-5.651204874471395634e+00,-5.158867716931942127e+00,-5.121095060000016908e+00,-5.508165476024195151e+00,-5.606656042052689415e+00,-6.055016990255777110e+00,-6.094536770895416566e+00,-6.279045597058260597e+00,-5.992819099110411329e+00,-6.121242418573526578e+00,-5.923850770274411204e+00,-6.112239467310325303e+00,-5.842619192123733818e+00,-5.472035064533973703e+00,-5.387245306981369275e+00,-5.750413308680533575e+00,-5.891389160564200367e+00,-6.142616791150135924e+00,-6.408130442353310308e+00,-6.648732171488119569e+00,-6.503958510836062246e+00,-6.677228584650046983e+00,-6.466383737026943912e+00,-6.641696269832317867e+00,-6.448910728669576820e+00,-6.413726759961547508e+00,-6.012569009223939887e+00,-6.022182142070373168e+00,-6.385684490712295158e+00,-6.372711114539519883e+00,-6.608888370383200872e+00,-6.339831571434779711e+00,-6.549953408240654973e+00,-6.333949795639020941e+00,-6.316206640609030032e+00,-6.102641193868001857e+00
-5.065214968470542090e+00,-5.257005370807744882e+00,-5.275770036344445302e+00,-5.326559721389456215e+00,-5.336793386892020763e+00,-5.476809358419530760e+00,-5.817619749821733244e+00,-6.194131328545628534e+00,-6.410097483580870836e+00,-6.695380035166253130e+00,-6.465058089823889631e+00,-6.750531052655830422e+00,-6.544085069895247742e+00,-6.827713975297635685e+00,-6.587702703018900152e+00,-6.769032587808065493e+00,-6.267356702563835924e+00,-6.237189448292696170e+00,-5.772672366374590247e+00,-5.698755666693243072e+00,-5.534178438647946230e+00,-5.635284552187639129e+00,-6.055016990255777110e+00,-6.115475963685180538e+00,-6.572648606547177863e+00,-6.362962899028645758e+00,-6.469533121623645577e+00,-6.203203565371061323e+00,-6.402048798757393300e+00,-6.200940469125861831e+00,-6.344718297301098708e+00,-6.048567597517942929e+00,-5.932417148142922869e+00,-6.129530017617567772e+00,-6.390799500648657983e+00,-6.711181109173526060e+00,-6.897100689100434501e+00,-6.755907654325183032e+00,-6.994640261809437654e+00,-6.780448040971768897e+00,-6.953420465842647502e+00,-6.728766809165480645e+00,-6.934569196620068432e+00,-6.489261472975849543e+00,-6.454668838474910686e+00,-6.471731841116651118e+00,-6.444552917306503481e+00,-6.859673456518838641e+00,-6.651014961468834308e+00,-6.826776997634946831e+00,-6.595622580975640581e+00,-6.814493152770892515e+00,-6.355072118474444309e+00,-6.582318470244539199e+00
-5.497570402269037260e+00,-5.517813244537836503e+00,-5.563764756479564255e+00,-5.596062527032303002e+00,-5.721099104885663422e+00,-6.050329782534750400e+00,-6.445267392992512612e+00,-6.653986710120093129e+00,-6.953251843775270835e+00,-6.754314779147343017e+00,-7.021370764591491564e+00,-6.812068984195068566e+00,-7.092286034402656369e+00,-6.892728533918867306e+00,-7.135086890418781636e+00,-6.836558399682300724e+00,-6.824610743808164237e+00,-6.330095637650911655e+00,-6.285389968701507790e+00,-5.824021705862506337e+00,-5.729017258926120348e+00,-6.096299218111284723e+00,-6.136415156474944510e+00,-6.572648606547177863e+00,-6.650360596324362383e+00,-6.835401635325249359e+00,-6.548540111081645243e+00,-6.674653983632262921e+00,-6.476122944577562102e+00,-6.672793635612771723e+00,-6.428428666828775562e+00,-6.550858950473393172e+00,-6.310787363677230921e+00,-6.623630035159989937e+00,-6.955446524009976095e+00,-7.192822853551067652e+00,-6.998906991099041797e+00,-7.240243276203668366e+00,-7.089847777252675343e+00,-7.264524936261517851e+00,-7.051816466890777235e+00,-7.210560169389493623e+00,-7.013966157705891824e+00,-6.990775770587531746e+00,-6.547330781933109911e+00,-6.554064791380727506e+00,-6.944065213534682535e+00,-6.898777886703447493e+00,-7.134551132361377945e+00,-6.866018601735651039e+00,-7.077687284674070156e+00,-6.855460480157735681e+00,-6.849603426191236188e+00,-6.614160978793487189e+00
-5.586734581576219050e+00,-5.638520835489424954e+00,-5.674538572568945227e+00,-5.798849280643890047e+00,-6.129516803513874734e+00,-6.530155445842043882e+00,-6.758149742976244490e+00,-7.088150177870653934e+00,-6.934816293277100030e+00,-7.246061314368298589e+00,-6.983330460004879114e+00,-7.149406823658555510e+00,-6.958657436406957331e+00,-7.184778536123033632e+00,-6.933983975432298053e+00,-7.193428767272756374e+00,-7.140456768046233194e+00,-7.138619779099709461e+00,-6.641104335450716434e+00,-6.609975627122483210e+00,-6.379030492141994912e+00,-6.425560970646358783e+00,-6.866251616036095129e+00,-6.937758293620079009e+00,-6.835401635325249359e+00,-6.692149347924053693e+00,-6.963209407634953330e+00,-6.655769977510998636e+00,-6.732109113792255961e+00,-6.541867533712749427e+00,-6.797453606170154039e+00,-6.610223529526242814e+00,-6.819668763226160557e+00,-7.026332051824111247e+00,-7.261872960067059957e+00,-7.050448543031942350e+00,-7.330399468835046228e+00,-7.199362160247422260e+00,-7.337902237651976023e+00,-7.296068133223522878e+00,-7.371275502105543609e+00,-7.146548253288105279e+00,-7.288851019959542654e+00,-7.327922541308135251e+00,-7.314155714404003916e+00,-7.295475551873520814e+00,-7.206712503364232525e+00,-7.237722968310758453e+00,-7.013460982494738261e+00,-7.241486636032112401e+00,-6.945977366658960150e+00,-7.158445709717274674e+00,-7.160708363379568731e+00,-6.911853294517562141e+00
-5.699144245891152316e+00,-5.744765703600902107e+00,-5.874352267102063152e+00,-6.214480941736994168e+00,-6.613030515393572450e+00,-6.820144557552971776e+00,-7.170906862038203045e+00,-7.046329465283083238e+00,-7.403417477720751982e+00,-7.184858381006492323e+00,-7.394436301196154915e+00,-7.028337541793669097e+00,-7.238948375488572395e+00,-7.037325586986774795e+00,-7.268239518239670183e+00,-7.192426820044742541e+00,-7.474358801223521809e+00,-7.431717544391429620e+00,-7.425307840895975175e+00,-6.941304649907747759e+00,-6.867600644161623080e+00,-7.131562450694086230e+00,-7.206184421753308200e+00,-7.129004644814166625e+00,-6.979547045219770318e+00,-6.963209407634953330e+00,-6.790815156923211582e+00,-7.042127687130721014e+00,-6.711558940539909202e+00,-6.850648216882980535e+00,-6.705320184318014576e+00,-6.971893405093426033e+00,-7.190994827678798273e+00,-7.321209491569446115e+00,-7.118891355296751655e+00,-7.408730291381902866e+00,-7.276311846828087404e+00,-7.432203298703743855e+00,-7.379341047360154171e+00,-7.556234275882737883e+00,-7.392488016216660185e+00,-7.460314865490458303e+00,-7.414987499664273507e+00,-7.601892068529195967e+00,-7.624308470419151718e+00,-7.639045039794387648e+00,-7.577932324970969802e+00,-7.317014501383956926e+00,-7.368073678687260042e+00,-7.114930235498169608e+00,-7.331986250601231880e+00,-7.234996596020672577e+00,-7.437170315953341770e+00,-7.213323493871302894e+00
-5.832749731396729587e+00,-5.974029812217455770e+00,-6.322751018258220945e+00,-6.747066881191059018e+00,-6.936447824515293625e+00,-7.232563718753160842e+00,-7.126572992230213011e+00,-7.491659656792786670e+00,-7.314536104220629831e+00,-7.587578259181488427e+00,-7.329938672128372801e+00,-7.503717459149129354e+00,-7.142541040354092985e+00,-7.415520360446736348e+00,-7.343172661900874587e+00,-7.577885841720834570e+00,-7.635875748533404561e+00,-7.689737205793675479e+00,-7.638122015680536947e+00,-7.646512912836865183e+00,-7.313617185309840174e+00,-7.393612564139717236e+00,-7.322049975259471211e+00,-7.391761633806307685e+00,-7.256812417123870596e+00,-7.078212854218928207e+00,-7.042127687130721014e+00,-6.820751429770740337e+00,-7.152294594915928450e+00,-6.823176096743286401e+00,-7.062508889997965333e+00,-7.319640582552137786e+00,-7.437211140085906891e+00,-7.282668198549687055e+00,-7.519203161879195463e+00,-7.413699241275309326e+00,-7.520879079532877931e+00,-7.471817022690561139e+00,-7.697491463335906836e+00,-7.549315418928780552e+00,-7.682528340094250119e+00,-7.531305605048959073e+00,-7.727730817427595156e+00,-7.829429395841161821e+00,-7.854509327903316240e+00,-7.865711429939655552e+00,-7.838452707076187131e+00,-7.716986983476072481e+00,-7.485338654913055834e+00,-7.482361330263334054e+00,-7.361036230580153550e+00,-7.552888200286158593e+00,-7.432553597183654048e+00,-7.530280736867033475e+00
-6.046046262763798751e+00,-6.409909790208631719e+00,-6.842450315346273904e+00,-7.059191764643237832e+00,-7.339716884036770139e+00,-7.171578080263775412e+00,-7.556952561993120376e+00,-7.391150408691812501e+00,-7.711584481472008257e+00,-7.508879800975924113e+00,-7.723655212106983470e+00,-7.418155355374567606e+00,-7.588334801949072173e+00,-7.472728644444374346e+00,-7.711137146488296068e+00,-7.721154925042224448e+00,-7.915430047593905449e+00,-7.873418008626213549e+00,-7.917567383119396673e+00,-7.880172635795021918e+00,-7.847425222802034916e+00,-7.530234170847684538e+00,-7.603997030400367230e+00,-7.527170837268088555e+00,-7.498991500235661078e+00,-7.335730696619638280e+00,-7.108149127066456963e+00,-7.152294594915928450e+00,-6.913590813889031850e+00,-7.245454493295414800e+00,-7.404839833733547039e+00,-7.568729070302397055e+00,-7.443403910762939724e+00,-7.595551882067788085e+00,-7.511209721540877737e+00,-7.636046964035172913e+00,-7.541567347526200393e+00,-7.773919839801528120e+00,-7.666581487107909432e+00,-7.848760273406197641e+00,-7.656587830596136790e+00,-7.825854141653253215e+00,-7.933574981003325810e+00,-8.081460038083237762e+00,-8.102331796618450710e+00,-8.119075050591703757e+00,-8.088175440671019345e+00,-7.964613372650767076e+00,-7.870753744977443844e+00,-7.591167140258716195e+00,-7.664470912149621284e+00,-7.528948196781916735e+00,-7.771412554353700486e+00,-7.504671330028506837e+00
-6.496102826682676579e+00,-6.939953213841632440e+00,-7.160380692654359613e+00,-7.448868972289823809e+00,-7.273809095079603715e+00,-7.610706290314263711e+00,-7.456702767357146655e+00,-7.808727284000728908e+00,-7.645070938431419272e+00,-7.911716515997900601e+00,-7.653030048447559075e+00,-7.763285766458245085e+00,-7.523049354094515806e+00,-7.783510586014410038e+00,-7.789036939190947528e+00,-7.979803362857886384e+00,-8.165181187432381194e+00,-8.214997347509301662e+00,-8.175767265363823810e+00,-8.227428777205865629e+00,-8.148543864534572023e+00,-8.125978329906500264e+00,-7.811040551031551260e+00,-7.876916409606868008e+00,-7.584625967428081594e+00,-7.554780463264571644e+00,-7.445897604404845715e+00,-7.198563844212202412e+00,-7.245454493295414800e+00,-7.440249849064104914e+00,-7.662127707631015028e+00,-7.614143270162669452e+00,-7.773918095734617673e+00,-7.594993225772806333e+00,-7.735167313781830423e+00,-7.603199856044051685e+00,-7.840891943760596838e+00,-7.744108741193525880e+00,-7.896179073291337502e+00,-7.831088972437083129e+00,-7.941387383053403859e+00,-8.017130924438973238e+00,-8.161945435173503682e+00,-8.402940317227663769e+00,-8.430429083332127149e+00,-8.441731123176209550e+00,-8.415298730744385836e+00,-8.221501798631392077e+00,-8.115738702991645681e+00,-7.988583834432766650e+00,-7.701381510074058134e+00,-7.848624374296635509e+00,-7.820975891562524929e+00,-7.809203701025406730e+00
-7.024777929384226738e+00,-7.251922293171999101e+00,-7.543874269063877591e+00,-7.378598530096936337e+00,-7.710750026867909668e+00,-7.519170110623865533e+00,-7.883102559594497016e+00,-7.749883794515085356e+00,-8.052526355007016079e+00,-7.832790641810250420e+00,-8.045690820737801729e+00,-7.689137094288897245e+00,-7.832597240555479345e+00,-7.885814512341295490e+00,-8.065721152892038504e+00,-8.220393762319153197e+00,-8.505336068224076840e+00,-8.472673128723410940e+00,-8.521849535894729044e+00,-8.484130227575892746e+00,-8.490518835130897557e+00,-8.424162535589031719e+00,-8.403068028757951780e+00,-8.081785387886929684e+00,-7.942660998742055334e+00,-7.637820578140908090e+00,-7.666397619467948843e+00,-7.539057502784332065e+00,-7.475659864394662790e+00,-7.662127707631015028e+00,-7.687273387682711956e+00,-7.919653825326738783e+00,-7.773685109725672504e+00,-7.852930987480804426e+00,-7.697413065564646217e+00,-7.925326921387172874e+00,-7.808162129288647613e+00,-7.972746788288564979e+00,-7.900615706024597173e+00,-8.107280847864306139e+00,-8.096900811815258336e+00,-8.238544010543764173e+00,-8.502991941944333831e+00,-8.726994829213918337e+00,-8.748131479867268467e+00,-8.766794666103217892e+00,-8.735515919289458253e+00,-8.544113475052133921e+00,-8.368238251590154775e+00,-8.222725548208355661e+00,-8.100835534639754698e+00,-7.887148768689747236e+00,-8.137070269671456302e+00,-7.870317423765338383e+00
-7.361488908536402143e+00,-7.657550325374208988e+00,-7.493808673094984663e+00,-7.843048258384230031e+00,-7.641197218412753678e+00,-7.964785087342551861e+00,-7.843938336980764703e+00,-8.164536810562260882e+00,-7.972766606392325706e+00,-8.229760555759694896e+00,-7.974619115722950013e+00,-8.140792843998466921e+00,-7.985209705128422542e+00,-8.222050686225397698e+00,-8.369219271356454826e+00,-8.597604313528936615e+00,-8.720382444654900311e+00,-8.775671821402930561e+00,-8.733932519776701042e+00,-8.784241109986179907e+00,-8.701736190920858149e+00,-8.722923750342665983e+00,-8.656641365579805125e+00,-8.630556226460866398e+00,-8.206445358444311111e+00,-8.037757653533827096e+00,-7.728436063045447391e+00,-7.751596870649358095e+00,-7.755526344959633001e+00,-7.760403505202754459e+00,-7.919653825326738783e+00,-7.869929374890161533e+00,-8.025118395194645871e+00,-7.872961050710699737e+00,-8.043876079009029567e+00,-7.954531805530534072e+00,-8.065893138884138835e+00,-7.997755711854630079e+00,-8.235972868857457385e+00,-8.263023092625807919e+00,-8.352239986474160105e+00,-8.617723383407184912e+00,-8.876909221850802112e+00,-8.996200695382951196e+00,-9.024594361803243814e+00,-9.035896687024161267e+00,-9.015925968629002085e+00,-8.888811928133824480e+00,-8.722990795801964126e+00,-8.486350376886891311e+00,-8.371473112621403700e+00,-8.242897001482001329e+00,-8.128593967210967719e+00,-8.235936566262644476e+00
-7.796178623534110841e+00,-7.628088438311413810e+00,-7.977678936750923100e+00,-7.799011875511526526e+00,-8.117507625975299845e+00,-7.991277673036762508e+00,-8.329681973693041641e+00,-8.147644508566479260e+00,-8.429197441908785393e+00,-8.188255304626281372e+00,-8.408652820117973548e+00,-8.144681204881742076e+00,-8.378098624114214132e+00,-8.589628747684878718e+00,-8.810668339983168451e+00,-8.854326476593861628e+00,-9.008989454477186243e+00,-8.979211055747484238e+00,-9.019892265745275139e+00,-8.978495178431032286e+00,-8.973553113011622173e+00,-8.912092894274543653e+00,-8.928872155736875982e+00,-8.862782018752099589e+00,-8.812351089158333650e+00,-8.358670000311576587e+00,-8.166403408407166609e+00,-7.887044275176123165e+00,-7.931142864602484188e+00,-8.065389554918860782e+00,-7.966173640054650562e+00,-8.025118395194645871e+00,-7.917488376921823168e+00,-8.172813897379073822e+00,-8.097848184325053822e+00,-8.274195669686307042e+00,-8.143500936513332178e+00,-8.383360209614833636e+00,-8.465655162209886342e+00,-8.567062923238554006e+00,-8.766137648842208918e+00,-9.030624631869859087e+00,-9.197294143682155365e+00,-9.246884727772675561e+00,-9.261853924380870851e+00,-9.289163103676216338e+00,-9.269096445320718303e+00,-9.173362692564193566e+00,-9.068511936129457496e+00,-8.853041009082513568e+00,-8.655430980552726083e+00,-8.519772204589413533e+00,-8.457320793714698581e+00,-8.290463149676988053e+00
-7.773965270779308767e+00,-8.124197812100169003e+00,-7.947083938339123854e+00,-8.292412998683857950e+00,-8.157448507748346955e+00,-8.474885701445607822e+00,-8.308557143866174499e+00,-8.593374010346289893e+00,-8.372725836759208562e+00,-8.635802784583864522e+00,-8.367264865718189171e+00,-8.579094823193704755e+00,-8.754425849656620073e+00,-9.039537523368633032e+00,-9.079719863269945179e+00,-9.156098456744926395e+00,-9.192430804799526456e+00,-9.243977239176681238e+00,-9.191495154534926826e+00,-9.240932913997106368e+00,-9.145224768340249000e+00,-9.162549568375199627e+00,-9.094096733736932947e+00,-9.110129501796539131e+00,-9.058820746818270209e+00,-8.977013865013020677e+00,-8.474671648828037362e+00,-8.290166736617967658e+00,-8.243755768585689481e+00,-8.125715479617653614e+00,-8.170854124786767869e+00,-8.010700966265773104e+00,-8.172813897379073822e+00,-8.236312983036091495e+00,-8.432669720092652810e+00,-8.359444794702868720e+00,-8.533037311651289869e+00,-8.611336422292247050e+00,-8.775843956418928116e+00,-8.966186453261526523e+00,-9.188959197747594843e+00,-9.359745203038826844e+00,-9.449565451933183979e+00,-9.460014192511978948e+00,-9.490971240670802445e+00,-9.510059656599139544e+00,-9.500532659122852053e+00,-9.441248541808008099e+00,-9.370576673264983114e+00,-9.214290414936598950e+00,-9.032536798267305045e+00,-8.817805229994965188e+00,-8.708586253618749495e+00,-8.623396679459929715e+00
-8.151144678017972822e+00,-7.979400559070208843e+00,-8.318034975230998995e+00,-8.209849267757956426e+00,-8.522329712357388232e+00,-8.385037031628060689e+00,-8.701168336149898153e+00,-8.505075525619949062e+00,-8.812550487592440973e+00,-8.595292703947603030e+00,-8.808021945301298672e+00,-8.833977631758976656e+00,-9.120657826688285397e+00,-9.183204198820419606e+00,-9.255175196095612122e+00,-9.222461815540533792e+00,-9.498799346802854870e+00,-9.459066068217552470e+00,-9.505369110711562541e+00,-9.464569605747119141e+00,-9.468186771168731752e+00,-9.381036328756783504e+00,-9.400690425428567920e+00,-9.326927268248265790e+00,-9.181015029610675171e+00,-9.118157278320655479e+00,-9.068687235883910347e+00,-8.553362585201613300e+00,-8.373950240849897142e+00,-8.322768660331876234e+00,-8.224991420602680847e+00,-8.301751715749118077e+00,-8.374777781747129168e+00,-8.432669720092652810e+00,-8.393207235726734439e+00,-8.631047956155420309e+00,-8.696598624438655278e+00,-8.877422175516036518e+00,-9.079553747130779229e+00,-9.391120078627045231e+00,-9.466692705728016577e+00,-9.543819100276275336e+00,-9.563003082372517838e+00,-9.751332174065963088e+00,-9.778408437815572896e+00,-9.801070812997062731e+00,-9.770209411895162788e+00,-9.571334162130268552e+00,-9.540225139938543819e+00,-9.440515851676154924e+00,-9.275836146579505836e+00,-9.119041110103854209e+00,-9.067892740209130054e+00,-8.783263526733820825e+00
-8.017967665964839341e+00,-8.344348784209081771e+00,-8.228131231481860652e+00,-8.556222375997224461e+00,-8.416558416769955642e+00,-8.800042718809990561e+00,-8.634479204445014489e+00,-8.968521657455495344e+00,-8.798046467785374247e+00,-9.056649473130972794e+00,-9.024194784551083259e+00,-9.214778546133093329e+00,-9.280158902017872080e+00,-9.359540277596329005e+00,-9.319431671618017887e+00,-9.547346384416933063e+00,-9.720103908205409482e+00,-9.780473334337584035e+00,-9.734820490241657964e+00,-9.787319167159406419e+00,-9.702450787367565610e+00,-9.711113597986713586e+00,-9.629219038255305563e+00,-9.644955840265017954e+00,-9.395977374764258983e+00,-9.249457841875484476e+00,-9.228630148817948964e+00,-9.166197716149479646e+00,-8.667807585630567857e+00,-8.468163450370491674e+00,-8.441317817953732927e+00,-8.518094160541648918e+00,-8.591143770498998578e+00,-8.426969676750600158e+00,-8.631047956155420309e+00,-8.798547539563294606e+00,-8.979488106773754197e+00,-9.202702601641473024e+00,-9.518629461747179832e+00,-9.693646462027313504e+00,-9.666081939759539665e+00,-9.670054097287067663e+00,-9.865627281378760216e+00,-1.004727649662256539e+01,-1.007820163645277489e+01,-1.008566874733900143e+01,-1.006725495309314056e+01,-9.824948066060834151e+00,-9.654840523350550541e+00,-9.604836796977417990e+00,-9.493483260802939583e+00,-9.370095644385809663e+00,-9.379381140517594417e+00,-9.160954449855996273e+00
-8.434579642287866719e+00,-8.328785075099380819e+00,-8.663203664076823074e+00,-8.530327502484132296e+00,-8.909396386184793570e+00,-8.722101039106869180e+00,-9.066930192207880879e+00,-8.922047253712939607e+00,-9.224131261653095493e+00,-9.238244237488096644e+00,-9.379873296230828217e+00,-9.347931442471711705e+00,-9.428632685760407028e+00,-9.369822382881988432e+00,-9.601731559560919393e+00,-9.803948951400620615e+00,-1.009341337835980390e+01,-1.005522781224947160e+01,-1.010563447290106254e+01,-1.006783994356576528e+01,-1.007931419175524113e+01,-1.000154498095987776e+01,-1.001416426480692934e+01,-9.924941202705937826e+00,-9.696497392197919396e+00,-9.474308197311115620e+00,-9.386845236322706398e+00,-9.343798033320243945e+00,-9.227830224667330938e+00,-8.752242563257143004e+00,-8.664463836783534489e+00,-8.799446301301166784e+00,-8.734038018731185460e+00,-8.729058600659550748e+00,-8.900496454687933934e+00,-8.979488106773754197e+00,-9.286339344942240004e+00,-9.617284297438223106e+00,-9.750565722397832147e+00,-9.855178670725520007e+00,-9.796410040866478042e+00,-9.952506869167189407e+00,-1.009806738578891228e+01,-1.040209171739581251e+01,-1.041987841699767614e+01,-1.044019948657882502e+01,-1.040273223164236605e+01,-1.018663634334248158e+01,-9.954033368165223550e+00,-9.778322344328826077e+00,-9.694493702228658805e+00,-9.577164455748238936e+00,-9.685275683715257600e+00,-9.438553366475682438e+00
-8.409149947738868036e+00,-8.753437324477593151e+00,-8.630512849517106844e+00,-9.035182017830747370e+00,-8.836288418320229709e+00,-9.116409751976176423e+00,-8.980616969564090724e+00,-9.300222746193171020e+00,-9.356517154161027250e+00,-9.530814760435953659e+00,-9.449306586528306795e+00,-9.480543338106512508e+00,-9.412974130516632343e+00,-9.718333353075868430e+00,-9.918198864730568332e+00,-1.016485487240876751e+01,-1.031875813923322127e+01,-1.037589352901305872e+01,-1.033392129514679425e+01,-1.038729385905749147e+01,-1.030204860093976826e+01,-1.032670341198136832e+01,-1.024991349857219269e+01,-1.025716360158078722e+01,-1.001509739533731569e+01,-9.773447078778584540e+00,-9.562983978140248809e+00,-9.456595561158346541e+00,-9.410770137279312664e+00,-9.291883612762452671e+00,-8.892592651896741529e+00,-8.879783243389887559e+00,-8.949123403337623017e+00,-8.985758656834342162e+00,-9.081554038031471876e+00,-9.369976088243006984e+00,-9.617284297438223106e+00,-9.782022642438169768e+00,-9.944471632470145650e+00,-9.930456752957701028e+00,-1.000216658415736148e+01,-1.013298051272954048e+01,-1.048237591115523770e+01,-1.068761529130405386e+01,-1.071735316830564599e+01,-1.072833065865108360e+01,-1.070404649671832154e+01,-1.052027453264389578e+01,-1.032362140389833627e+01,-1.004546999532992224e+01,-9.876310435268099042e+00,-9.735977632038927965e+00,-9.837053197983960828e+00,-9.727018620083086375e+00
-8.849912369311107696e+00,-8.738725380391395348e+00,-9.154464693446794143e+00,-8.981903469309550303e+00,-9.251275236512686462e+00,-9.034500706265925274e+00,-9.355354115031170537e+00,-9.422254782142562846e+00,-9.633653502016546355e+00,-9.586795599749438068e+00,-9.624061848826425347e+00,-9.517262994945678400e+00,-9.771147988094380565e+00,-1.004759211330695834e+01,-1.029532319562932230e+01,-1.040762072461158638e+01,-1.064576130638825724e+01,-1.060955918707152890e+01,-1.065754842012513315e+01,-1.061972554011236092e+01,-1.062451642188733025e+01,-1.055542047838501141e+01,-1.057865255547048911e+01,-1.049551651296642341e+01,-1.036667798457553502e+01,-1.010939845638908352e+01,-9.865923054108991508e+00,-9.639412354605870092e+00,-9.534122815243962989e+00,-9.487337852276539252e+00,-9.389023618592485576e+00,-9.096510744094999268e+00,-9.131439916916702870e+00,-9.183132257128580278e+00,-9.493124942753700779e+00,-9.715939133129266381e+00,-9.813479562478507390e+00,-9.944471632470145650e+00,-1.002400829758329515e+01,-1.011991400373156225e+01,-1.018306438198192687e+01,-1.053100178042997470e+01,-1.077046236544818214e+01,-1.098896889771119234e+01,-1.100881562858554297e+01,-1.103049051868142350e+01,-1.099817240603118584e+01,-1.084081150683236316e+01,-1.067391905660494089e+01,-1.043809705518754782e+01,-1.016211942953715663e+01,-9.938895308496054071e+00,-9.998713978441951866e+00,-9.889835650604705819e+00
-8.848871607520806037e+00,-9.278304171367366848e+00,-9.111410404006905495e+00,-9.388311648847670554e+00,-9.167877342299036059e+00,-9.439852451345229767e+00,-9.504986375901692597e+00,-9.741694501176489496e+00,-9.730775173282765422e+00,-9.829330518099762770e+00,-9.742018188228607656e+00,-9.837652469805833633e+00,-1.011877785165940935e+01,-1.037084036767698869e+01,-1.048481246559680535e+01,-1.074060288982555100e+01,-1.093962233251901672e+01,-1.099253331379475185e+01,-1.095242394465554803e+01,-1.100449476598059206e+01,-1.092509089814377710e+01,-1.094030850523005860e+01,-1.087283215554440119e+01,-1.088805229175139466e+01,-1.056889381435688158e+01,-1.044995089871216720e+01,-1.025065564384225247e+01,-9.983189122288120387e+00,-9.686831154491009954e+00,-9.603649548831477034e+00,-9.616029873269690498e+00,-9.591655688176563999e+00,-9.391913290308954387e+00,-9.606492236622953484e+00,-9.843448516249400981e+00,-9.870398822849026033e+00,-1.003376459421477129e+01,-1.011755984220888926e+01,-1.011991400373156225e+01,-1.035251938940717231e+01,-1.063364449789043675e+01,-1.087085510898868890e+01,-1.106168799583224427e+01,-1.134591940368864016e+01,-1.137809829866342604e+01,-1.138468644080643344e+01,-1.136305230570931002e+01,-1.115260058408149213e+01,-1.100696815097160375e+01,-1.082524960343602416e+01,-1.056824501287868756e+01,-1.025993280252862938e+01,-1.026700660331394133e+01,-1.006024365418358713e+01
-9.477237819719087852e+00,-9.325506596376049728e+00,-9.610962554530127377e+00,-9.415275312398472707e+00,-9.674490610180548344e+00,-9.643175795074286683e+00,-9.853133444287440312e+00,-9.813633089383106523e+00,-9.871781777838261718e+00,-9.803823790731621912e+00,-9.922330634454073817e+00,-1.027457493511649922e+01,-1.052243703673755348e+01,-1.070028917340165009e+01,-1.095906640328516879e+01,-1.113101592449352140e+01,-1.128636951352078555e+01,-1.124356746070462876e+01,-1.129139049045629761e+01,-1.125580011746132136e+01,-1.126914253417658074e+01,-1.120695918875094854e+01,-1.121679803536576436e+01,-1.114271682999648050e+01,-1.109427264772224220e+01,-1.075385258813407674e+01,-1.060677830142428668e+01,-1.040192445391254417e+01,-1.014769660761729320e+01,-9.852724619301911346e+00,-9.769771829642026617e+00,-9.830852810034084399e+00,-9.806541041042271090e+00,-1.004560939712885137e+01,-1.009735257914832296e+01,-1.022286132518075163e+01,-1.025160655430011225e+01,-1.023766142330576301e+01,-1.052197439683241775e+01,-1.063364449789043675e+01,-1.101419324546195888e+01,-1.120986306188790493e+01,-1.151926035400695270e+01,-1.166937125272140285e+01,-1.168450836334060305e+01,-1.170395190895876247e+01,-1.167151187584058292e+01,-1.160773548861678606e+01,-1.141512769364098467e+01,-1.121887981454239558e+01,-1.104714442342115355e+01,-1.073224944740784537e+01,-1.054328567292138708e+01,-1.041426524174307566e+01
-9.428673072900899399e+00,-9.720233124963460369e+00,-9.534755052069971981e+00,-9.818680159271867325e+00,-9.783435012068263603e+00,-9.940623375274739715e+00,-9.904752853050869277e+00,-9.975151573786634529e+00,-9.949800994155872047e+00,-1.006805044240519997e+01,-1.036703524543290200e+01,-1.058961411901054817e+01,-1.075239101961967947e+01,-1.109550607883030615e+01,-1.126406872557929795e+01,-1.137504850562835301e+01,-1.153985411719302157e+01,-1.159469543757582954e+01,-1.155394307941852006e+01,-1.160441824221771867e+01,-1.151568221364486355e+01,-1.154735984371018986e+01,-1.148315106994354906e+01,-1.148816646128477359e+01,-1.124946739584050626e+01,-1.119069253071537950e+01,-1.088014665234558898e+01,-1.071405071309164292e+01,-1.049455156355974950e+01,-1.022746649499357829e+01,-9.966420595232307278e+00,-9.954955306477295096e+00,-1.020394396300658713e+01,-1.020430008183751269e+01,-1.034512416466401596e+01,-1.035437013313927679e+01,-1.028732113829593509e+01,-1.057205826608480415e+01,-1.073628721535089880e+01,-1.115753138193522886e+01,-1.120986306188790493e+01,-1.155043347743818316e+01,-1.176058338567325556e+01,-1.198195018300885195e+01,-1.200822364713314450e+01,-1.202462955409395740e+01,-1.200089366423374138e+01,-1.179876119125045086e+01,-1.174227542835009785e+01,-1.152508290484304609e+01,-1.133023335700461587e+01,-1.108902488070513570e+01,-1.102042883819511232e+01,-1.061325464134880825e+01
-9.810724186864510088e+00,-9.630816319824871741e+00,-9.923550019237810105e+00,-9.912779105784883527e+00,-1.006352592383578859e+01,-9.982357841771943185e+00,-1.006255397717153421e+01,-1.005198370122583817e+01,-1.020696938715685675e+01,-1.052371816268112248e+01,-1.069285768537643300e+01,-1.081157861535187337e+01,-1.114184572283167540e+01,-1.138659556602631895e+01,-1.149391052876040753e+01,-1.161656376400211599e+01,-1.187419118643346572e+01,-1.184044844401520358e+01,-1.188706261867633707e+01,-1.185182187155434264e+01,-1.185127198208763311e+01,-1.177840424610532821e+01,-1.180974291584872660e+01,-1.174029077349039518e+01,-1.158289824768210075e+01,-1.133850675922542095e+01,-1.130701063610006507e+01,-1.097826997657124792e+01,-1.079760665652729124e+01,-1.057115013893000999e+01,-1.034219793645642937e+01,-1.035765937302564410e+01,-1.036675114119418417e+01,-1.043937781300710732e+01,-1.046142114805382661e+01,-1.043200375245244516e+01,-1.060697139302543235e+01,-1.078491308462563580e+01,-1.125792412547573562e+01,-1.135803812794356560e+01,-1.158160660086941363e+01,-1.176058338567325556e+01,-1.206400101622048204e+01,-1.229251934029295157e+01,-1.231671259306313004e+01,-1.233473003854540728e+01,-1.230680962456199268e+01,-1.211146441933227536e+01,-1.192033058668231327e+01,-1.183146403412129821e+01,-1.161621230187111919e+01,-1.135794684299089319e+01,-1.136437786149343765e+01,-1.107910706089474040e+01
-9.721777513242400914e+00,-1.002898194900681084e+01,-1.002936608588312417e+01,-1.019662225886201057e+01,-1.011144169987403885e+01,-1.014507523785110976e+01,-1.014298093484382868e+01,-1.031555223858188342e+01,-1.067732187666529597e+01,-1.089257555402301136e+01,-1.096156719818819880e+01,-1.121974605097734390e+01,-1.145094121952655009e+01,-1.157118625911137855e+01,-1.170799285472235596e+01,-1.196956803034789374e+01,-1.214793331891989681e+01,-1.220302914230252966e+01,-1.216253942000564159e+01,-1.221248012824840146e+01,-1.213372396709058521e+01,-1.214292891938377394e+01,-1.207127717289307789e+01,-1.209494226438913778e+01,-1.181858162406044421e+01,-1.166996320603823989e+01,-1.146434550812382014e+01,-1.141115622126222995e+01,-1.105875537366151384e+01,-1.089765828124396130e+01,-1.072106453156689376e+01,-1.056784458949338834e+01,-1.064205853716761574e+01,-1.056441003791436373e+01,-1.055367292031990445e+01,-1.065776228219177924e+01,-1.086519727838506100e+01,-1.134077119961986391e+01,-1.143075722606461753e+01,-1.175494755118772616e+01,-1.185179551862510827e+01,-1.214605184943211214e+01,-1.229251934029295157e+01,-1.263115453621028372e+01,-1.265760406175950692e+01,-1.267009880104083486e+01,-1.264437498773903812e+01,-1.243127882001115658e+01,-1.224097913393004688e+01,-1.205387774573726389e+01,-1.192473618102893163e+01,-1.170212578339112675e+01,-1.166180628537467356e+01,-1.142437920562925768e+01
-1.029408766361324368e+01,-1.029474492503073968e+01,-1.045988500321985804e+01,-1.039702143429359005e+01,-1.046513734482303626e+01,-1.040150600705539397e+01,-1.058980767776865228e+01,-1.094405499451252872e+01,-1.117344650248768367e+01,-1.126879827209079288e+01,-1.151072726406724556e+01,-1.174660099081977194e+01,-1.186386142812034450e+01,-1.204233103058660959e+01,-1.230508620197332270e+01,-1.242527449458676436e+01,-1.224805699755520827e+01,-1.222491213011592492e+01,-1.225114297629372118e+01,-1.220430818692310737e+01,-1.226894300619913913e+01,-1.216847648968028039e+01,-1.218327966369004578e+01,-1.212748374686054120e+01,-1.240889864799138032e+01,-1.210631797818563626e+01,-1.187508413146024999e+01,-1.169129621830374077e+01,-1.171176474187144301e+01,-1.135532111954330503e+01,-1.114572749675964403e+01,-1.094335489753632551e+01,-1.076600485762449644e+01,-1.090241947056277638e+01,-1.092663034099876995e+01,-1.118908735932809861e+01,-1.160850807392624162e+01,-1.170237295547016387e+01,-1.209205132629082335e+01,-1.214306847268308509e+01,-1.244349366910036103e+01,-1.257681503345275686e+01,-1.294559647935743740e+01,-1.265760406175950692e+01,-1.269250732372185375e+01,-1.270836771239754981e+01,-1.271350522184228460e+01,-1.291832128933366519e+01,-1.273429066954271960e+01,-1.248118925720862293e+01,-1.233354737698864234e+01,-1.221010393217779999e+01,-1.172906965918578592e+01,-1.194832790928397692e+01
-1.056830429281857597e+01,-1.073354034069954466e+01,-1.066820011821215530e+01,-1.075921171058126191e+01,-1.067992617068920680e+01,-1.085850330259212271e+01,-1.122896296526391602e+01,-1.145005772141784739e+01,-1.155921166189749272e+01,-1.182459426308773054e+01,-1.204399270974341540e+01,-1.216839154054587091e+01,-1.234322481381452619e+01,-1.264974453878260796e+01,-1.277146406436554749e+01,-1.259082695377870209e+01,-1.248329142416215376e+01,-1.232462827941635730e+01,-1.227572203291185282e+01,-1.231699393154488220e+01,-1.226180171327383306e+01,-1.231464908596881891e+01,-1.220941856819364446e+01,-1.246696795694863980e+01,-1.245086369067701426e+01,-1.270528457710239678e+01,-1.232178226629456574e+01,-1.211170449813904426e+01,-1.200265025104416416e+01,-1.201816509856250192e+01,-1.161312081524333095e+01,-1.137168473411635361e+01,-1.114516303453091162e+01,-1.119497912221520330e+01,-1.146621818278381078e+01,-1.194271774358491633e+01,-1.197952663719698485e+01,-1.237253629622528273e+01,-1.249067625266508763e+01,-1.274331559163453065e+01,-1.288108677162713889e+01,-1.323767951832661005e+01,-1.298047808497360656e+01,-1.296800500203845630e+01,-1.270836771239754981e+01,-1.276906076780530874e+01,-1.297766746222146494e+01,-1.301460308583310876e+01,-1.322591635695318857e+01,-1.298232401754116516e+01,-1.276802626496129633e+01,-1.262683533650145939e+01,-1.223568508077297068e+01,-1.202519630530273886e+01
-1.103752088971485890e+01,-1.097263252876150652e+01,-1.106230054034849530e+01,-1.100328259111364559e+01,-1.116417978025063462e+01,-1.152567389842350210e+01,-1.176074828913304415e+01,-1.186180701940358873e+01,-1.213989113400992714e+01,-1.238596635934743873e+01,-1.249646494096096205e+01,-1.267829516926517641e+01,-1.298282672549137473e+01,-1.314151467592300193e+01,-1.302131967089112408e+01,-1.308996091706931786e+01,-1.265922716390839575e+01,-1.256660917056745497e+01,-1.238991997783789678e+01,-1.233859539490141621e+01,-1.242243860087443430e+01,-1.233724823374431878e+01,-1.255301530735299487e+01,-1.255025964358283197e+01,-1.305669491544123417e+01,-1.277575301606739799e+01,-1.294668753662289973e+01,-1.258634798898295237e+01,-1.245110382469680310e+01,-1.233901583381525491e+01,-1.230593030571939472e+01,-1.187768955711630348e+01,-1.161264794539477485e+01,-1.176675633665802145e+01,-1.224997805310834487e+01,-1.234152448732303498e+01,-1.268098853787869018e+01,-1.280381360304086513e+01,-1.311918640385542112e+01,-1.320694038192247532e+01,-1.357780070907996439e+01,-1.330698447638586934e+01,-1.359106572630431486e+01,-1.303124173561164945e+01,-1.302356054800148044e+01,-1.297766746222146494e+01,-1.306360053221709805e+01,-1.354074880994388863e+01,-1.335885375769050043e+01,-1.350781671922200822e+01,-1.330197820505451212e+01,-1.309491057077017651e+01,-1.269669757652452802e+01,-1.256134031857027722e+01
-1.123484725784104299e+01,-1.132512017408369331e+01,-1.126610955270658287e+01,-1.144804466853913105e+01,-1.179066223200149999e+01,-1.201439666117535765e+01,-1.212915946714584514e+01,-1.240026680846385965e+01,-1.266198520387438720e+01,-1.279984994899390038e+01,-1.296442132599680264e+01,-1.327430785527519497e+01,-1.343099970844845359e+01,-1.334799334185493613e+01,-1.346937987754446908e+01,-1.329837437891807994e+01,-1.314052956420912643e+01,-1.273210925498591095e+01,-1.261991717186775119e+01,-1.248813956048448581e+01,-1.242517140068972736e+01,-1.260559511904836327e+01,-1.262853671820821688e+01,-1.314108667245707807e+01,-1.308368763272818214e+01,-1.333915168853868316e+01,-1.297516068334919659e+01,-1.316915154735426441e+01,-1.288257166913563445e+01,-1.274488862081005180e+01,-1.258814713634103910e+01,-1.253913006401595176e+01,-1.208905911256293919e+01,-1.251012780840436811e+01,-1.260770862741911280e+01,-1.299805202218205480e+01,-1.306766061318036165e+01,-1.338902815123552337e+01,-1.353950216895036185e+01,-1.386462614411411387e+01,-1.360392623166084825e+01,-1.387324579677235015e+01,-1.361662942557950018e+01,-1.363447214710576461e+01,-1.315041189919211462e+01,-1.311259797860108733e+01,-1.354074880994388863e+01,-1.363325255231185906e+01,-1.384515831094532778e+01,-1.359847866177033637e+01,-1.378517018256059323e+01,-1.358447013708891937e+01,-1.315729462248856407e+01,-1.297846311989539636e+01
-1.139465709393081738e+01,-1.132193451233957937e+01,-1.150022206034739014e+01,-1.186206916254237242e+01,-1.208742498638795659e+01,-1.225979389458053603e+01,-1.256033476741009736e+01,-1.284342055388540516e+01,-1.302737341410423078e+01,-1.322328571989222112e+01,-1.347803068480421551e+01,-1.355404032892763766e+01,-1.346670308227960611e+01,-1.360349838834490299e+01,-1.347736233098507164e+01,-1.354969584259918314e+01,-1.356525815874496743e+01,-1.342197360138756856e+01,-1.300847563402355433e+01,-1.290731796904972306e+01,-1.284459098020636958e+01,-1.288786666763202859e+01,-1.339187175859271584e+01,-1.333145055796279443e+01,-1.344232352448806367e+01,-1.319398963074790565e+01,-1.347820634704378584e+01,-1.310132134892377564e+01,-1.330247790531463714e+01,-1.301138641344338254e+01,-1.289818462965441803e+01,-1.274558386027623058e+01,-1.271128216050324156e+01,-1.267851013042652930e+01,-1.305279067634772616e+01,-1.318704200342970267e+01,-1.350657045223705310e+01,-1.367626717906440348e+01,-1.401905432216442016e+01,-1.384860941456832428e+01,-1.400049511218221809e+01,-1.372720018067803416e+01,-1.399771499222151405e+01,-1.389057572717412725e+01,-1.391478456339615377e+01,-1.385558126293458869e+01,-1.390765134693321770e+01,-1.384515831094532778e+01,-1.367447799078438386e+01,-1.390619717406462996e+01,-1.363825425379612355e+01,-1.388778415674498135e+01,-1.384921020587863794e+01,-1.327752341047446905e+01
-1.141906383507043898e+01,-1.158562001738607172e+01,-1.194628778887542353e+01,-1.218323680532819786e+01,-1.236481987894331347e+01,-1.271378782919078176e+01,-1.302453932644483992e+01,-1.322922226069291440e+01,-1.347091936786099176e+01,-1.375049086885684169e+01,-1.376852804907568384e+01,-1.361471495651765196e+01,-1.373301712805331931e+01,-1.361985050660257279e+01,-1.374312869672474591e+01,-1.366841904852062761e+01,-1.384536216911080331e+01,-1.387563840129088000e+01,-1.372707849691490445e+01,-1.332434333288740724e+01,-1.317308947260271701e+01,-1.366765544995898907e+01,-1.360975440489210797e+01,-1.371720120033060297e+01,-1.344613365375408520e+01,-1.360479338969893348e+01,-1.336231378427700456e+01,-1.363197310854515720e+01,-1.325244667926465425e+01,-1.344921435827339984e+01,-1.319026373419321274e+01,-1.307788463765005105e+01,-1.294279784097702013e+01,-1.315176727447826188e+01,-1.327054836464998466e+01,-1.363565575434144250e+01,-1.381325223962025817e+01,-1.417269884612546527e+01,-1.401476605870756487e+01,-1.428158143172391270e+01,-1.398314935430163608e+01,-1.412206450761408050e+01,-1.402009044177189878e+01,-1.430072684175307707e+01,-1.419817079479365063e+01,-1.425903523525354544e+01,-1.415999076393602785e+01,-1.394887678540574250e+01,-1.390619717406462996e+01,-1.376453531849839429e+01,-1.396281251283335401e+01,-1.396241918075704724e+01,-1.418035410472421454e+01,-1.398669053245235894e+01
-1.166262981815618538e+01,-1.201252857944638563e+01,-1.224435951361108899e+01,-1.244937597604833179e+01,-1.278933020429907863e+01,-1.313370282434957659e+01,-1.336615475568653544e+01,-1.362682095777038249e+01,-1.394700803764307118e+01,-1.399028152064334662e+01,-1.392074144241228950e+01,-1.387224087969557296e+01,-1.372337558473617669e+01,-1.388576706584660947e+01,-1.380204380433701061e+01,-1.391668135381443072e+01,-1.410708198126878443e+01,-1.408825452139744172e+01,-1.411588688108175482e+01,-1.397993167606060183e+01,-1.387129737894958126e+01,-1.382365485696231744e+01,-1.393508982758234893e+01,-1.382475804515892470e+01,-1.382413670400133654e+01,-1.354760290675751655e+01,-1.374626076012123121e+01,-1.346814226962266403e+01,-1.374980319800048001e+01,-1.335943352448136423e+01,-1.356732648357013638e+01,-1.332031394747376041e+01,-1.329754575328540334e+01,-1.334048754306115647e+01,-1.370026741138031667e+01,-1.393673406059853370e+01,-1.426413547329016396e+01,-1.412924170999677642e+01,-1.443291197855499597e+01,-1.422667772227835670e+01,-1.439153664292597412e+01,-1.410927904754309914e+01,-1.443427400080802769e+01,-1.443838091807222668e+01,-1.454876018975152263e+01,-1.448007115706247028e+01,-1.449866013933338138e+01,-1.422102962705533002e+01,-1.403893411311975292e+01,-1.396281251283335401e+01,-1.403019743023975074e+01,-1.426067521397870230e+01,-1.421936738844917514e+01,-1.428623758332607707e+01
-1.206811996255611774e+01,-1.229565626794965283e+01,-1.250279588354570670e+01,-1.286040063672217926e+01,-1.320425309878714515e+01,-1.347347855132083971e+01,-1.376237564469723829e+01,-1.410452366687684922e+01,-1.419387514979274378e+01,-1.418682813947907739e+01,-1.417484472221001290e+01,-1.402001104827545319e+01,-1.397992832576559508e+01,-1.390558802716945230e+01,-1.401874920262550006e+01,-1.417402434415700263e+01,-1.435867943454150364e+01,-1.439951539365000421e+01,-1.436706171691391454e+01,-1.440729519395608449e+01,-1.422480867361152335e+01,-1.418729248897349038e+01,-1.408054905469978557e+01,-1.418600011462147137e+01,-1.390471681008223470e+01,-1.391463631857045691e+01,-1.367364254131699752e+01,-1.386138590986394270e+01,-1.357835663943800597e+01,-1.386205489820746806e+01,-1.350818108889441227e+01,-1.373640708723597115e+01,-1.351998333224594795e+01,-1.376181314302322356e+01,-1.398970146972531836e+01,-1.435379237854140477e+01,-1.422722980093604939e+01,-1.454956141276223036e+01,-1.435682567996949643e+01,-1.465480679854012536e+01,-1.433803126474057699e+01,-1.452540339783610079e+01,-1.453165306497986009e+01,-1.482842982100290108e+01,-1.476690816481514545e+01,-1.486841437726486959e+01,-1.475742462040105529e+01,-1.453843573135916856e+01,-1.427764496582405407e+01,-1.410671236260245642e+01,-1.426067521397870230e+01,-1.430644909946817123e+01,-1.455576955667809358e+01,-1.431236825023721337e+01
-1.238024445703703336e+01,-1.259002776605335150e+01,-1.295571532865209186e+01,-1.332177050531629980e+01,-1.358592131120034452e+01,-1.384070186435057614e+01,-1.419625707667573700e+01,-1.430472626029107808e+01,-1.433825731350513699e+01,-1.436345609285421077e+01,-1.429985453248300331e+01,-1.422556005828511871e+01,-1.406220487483809123e+01,-1.413464355986674370e+01,-1.428411674322973646e+01,-1.442699315876625299e+01,-1.467927212039368001e+01,-1.465477155639459284e+01,-1.469152122103073665e+01,-1.466614609412693859e+01,-1.465632055214469709e+01,-1.448826947392432452e+01,-1.445183223350372792e+01,-1.434038695388188067e+01,-1.426675853966467677e+01,-1.397900504272333855e+01,-1.403035420290327373e+01,-1.377003714091526021e+01,-1.393926671815040308e+01,-1.364452951656522828e+01,-1.396788163001801308e+01,-1.366828242421395778e+01,-1.392418739246546266e+01,-1.407620578156186752e+01,-1.444805187634770860e+01,-1.431091099588134874e+01,-1.459104534257249952e+01,-1.441941055319745146e+01,-1.475262017153159810e+01,-1.452083011449865424e+01,-1.469668725582410751e+01,-1.455936655096613741e+01,-1.491434330252290863e+01,-1.505227591596401382e+01,-1.516170233677768664e+01,-1.509379247062402563e+01,-1.515090630929927684e+01,-1.486003859458544341e+01,-1.465164470623757786e+01,-1.435796607507854183e+01,-1.439353081048716732e+01,-1.455576955667809358e+01,-1.458958621438070580e+01,-1.461530740451423327e+01
-1.284599259991068010e+01,-1.321278728669778424e+01,-1.357570097913617957e+01,-1.386257924220583071e+01,-1.410168131484706322e+01,-1.444586595397532847e+01,-1.457113409018691108e+01,-1.459658015007190990e+01,-1.463572704490895937e+01,-1.463885178906862095e+01,-1.464694082269788211e+01,-1.458620339511362829e+01,-1.450843880976301747e+01,-1.460895273329963651e+01,-1.475392417058568384e+01,-1.494668127872135166e+01,-1.470600492312679108e+01,-1.475648886210460198e+01,-1.470816436787031911e+01,-1.473407430511867133e+01,-1.470849336849384770e+01,-1.468997030194248588e+01,-1.450939179675974700e+01,-1.448694250692407159e+01,-1.464563483710371372e+01,-1.454548314590074298e+01,-1.417656204388631913e+01,-1.424887855697081562e+01,-1.406206483569586752e+01,-1.425632752539283388e+01,-1.390972762273517915e+01,-1.418230542225071034e+01,-1.426501983059120349e+01,-1.469813938656187347e+01,-1.457125102629508895e+01,-1.490622538190194746e+01,-1.467929929543317336e+01,-1.501535651793462200e+01,-1.484894140931654150e+01,-1.503597304192435580e+01,-1.484754594175340436e+01,-1.518969628331121058e+01,-1.535613535834779420e+01,-1.518864621257234582e+01,-1.511937361921919631e+01,-1.523156457680075526e+01,-1.515617652234241319e+01,-1.541564637808899541e+01,-1.515260854256467660e+01,-1.488432156223439407e+01,-1.482530153003011009e+01,-1.486680417852419822e+01,-1.461530740451423327e+01,-1.486681992577513256e+01
-1.328316967334287213e+01,-1.366063667483805766e+01,-1.395618681663673222e+01,-1.421254680742949361e+01,-1.454848437018043583e+01,-1.460673641250234844e+01,-1.464650269439131591e+01,-1.471419425550438298e+01,-1.476163480608002665e+01,-1.481760239689262093e+01,-1.476108825302732264e+01,-1.467863191440261694e+01,-1.463808030703575014e+01,-1.483448287567749979e+01,-1.502769011358959617e+01,-1.481350807047355822e+01,-1.522655947893133543e+01,-1.499533964311524770e+01,-1.503964670150466532e+01,-1.500662128559546105e+01,-1.498811498935048192e+01,-1.497320105348953945e+01,-1.495608213157799504e+01,-1.490472369742275660e+01,-1.460773301422706894e+01,-1.469824996759544788e+01,-1.463859356681443558e+01,-1.424867977673117281e+01,-1.429411867206454012e+01,-1.411140636789868097e+01,-1.435519382198402205e+01,-1.442688901305722382e+01,-1.486421527230710460e+01,-1.464592829941016028e+01,-1.499928709154881368e+01,-1.473847152139126138e+01,-1.505709945430245078e+01,-1.490172386193728649e+01,-1.509750271766599106e+01,-1.499620004774567583e+01,-1.525966525173863175e+01,-1.541481358104742228e+01,-1.524969762744703061e+01,-1.564265698225709755e+01,-1.552769122291770820e+01,-1.548183176013971973e+01,-1.569741192145986375e+01,-1.527640531032831817e+01,-1.555312670466271641e+01,-1.525849202116653913e+01,-1.497732242402243230e+01,-1.488483937786624978e+01,-1.514405363716955932e+01,-1.461530740451423327e+01
